collection,collection_url,collection_address,asset_contract_address,cursor,ascending,page_num,n_request,limit
Bored Ape Yacht Club,https://opensea.io/collection/boredapeyachtclub,0xBC4CA0EdA7647A8aB7C2061c2E118A18a936f13D,0xBC4CA0EdA7647A8aB7C2061c2E118A18a936f13D,cj0xJi1ldmVudF90aW1lc3RhbXA9MjAyMi0wNy0wMyswMyUzQTQxJTNBMDguNjMzNTY4Ji1waz03MDU4OTQ0MTM2,TRUE,1,100,100
Mutant Ape Yacht Club,https://opensea.io/collection/mutant-ape-yacht-club,0x60E4d786628Fea6478F785A6d7e704777c86a7c6,0x60E4d786628Fea6478F785A6d7e704777c86a7c6,cj0xJi1ldmVudF90aW1lc3RhbXA9MjAyMi0wNy0wMyswNyUzQTU3JTNBMjUuNDAxNDY3Ji1waz03MDYwMTc2NTgw,TRUE,1,100,100
Azuki,https://opensea.io/collection/azuki,0xED5AF388653567Af2F388E6224dC7C4b3241C544,0xED5AF388653567Af2F388E6224dC7C4b3241C544,cj0xJi1ldmVudF90aW1lc3RhbXA9MjAyMi0wNy0wMyswNiUzQTExJTNBMjkmLXBrPTcwNTk2Nzg5Njc=,TRUE,1,100,100
CLONE X - X TAKASHI MURAKAMI,https://opensea.io/collection/clonex,0x49cF6f5d44E70224e2E23fDcdd2C053F30aDA28B,0x49cF6f5d44E70224e2E23fDcdd2C053F30aDA28B,cj0xJi1ldmVudF90aW1lc3RhbXA9MjAyMi0wNy0wMysyMSUzQTE3JTNBMzYuNzIzNzY0Ji1waz03MDY1MDAzMzM0,TRUE,1,100,100
Moonbirds,https://opensea.io/collection/proof-moonbirds,0x23581767a106ae21c074b2276D25e5C3e136a68b,0x23581767a106ae21c074b2276D25e5C3e136a68b,cj0xJi1ldmVudF90aW1lc3RhbXA9MjAyMi0wNy0wOCsyMyUzQTU1JTNBMjcmLXBrPTcxMDM5ODMwMjg=,TRUE,1,100,100
Doodles,https://opensea.io/collection/doodles-official,0x8a90CAb2b38dba80c64b7734e58Ee1dB38B8992e,0x8a90CAb2b38dba80c64b7734e58Ee1dB38B8992e,cj0xJi1ldmVudF90aW1lc3RhbXA9MjAyMi0wNy0wMysyMiUzQTE3JTNBNDEuNDEzMjk0Ji1waz03MDY1MzkxMjk1,TRUE,1,100,100
Meebits,https://opensea.io/collection/meebits,0x7Bd29408f11D2bFC23c34f18275bBf23bB716Bc7,0x7Bd29408f11D2bFC23c34f18275bBf23bB716Bc7,cj0xJi1ldmVudF90aW1lc3RhbXA9MjAyMi0wNy0wOCsyMyUzQTExJTNBMDguNjc0MDg1Ji1waz03MTAzODA3NDky,TRUE,1,100,100
Cool Cats NFT,https://opensea.io/collection/cool-cats-nft,0x1A92f7381B9F03921564a437210bB9396471050C,0x1A92f7381B9F03921564a437210bB9396471050C,cj0xJi1ldmVudF90aW1lc3RhbXA9MjAyMi0wNy0wOCsyMyUzQTQ3JTNBMjkuODE2Mjk3Ji1waz03MTAzOTUwMjY1,TRUE,1,100,100
Bored Ape Kennel Club,https://opensea.io/collection/bored-ape-kennel-club,0xba30E5F9Bb24caa003E9f2f0497Ad287FDF95623,0xba30E5F9Bb24caa003E9f2f0497Ad287FDF95623,cj0xJi1ldmVudF90aW1lc3RhbXA9MjAyMi0wNy0wOSswMyUzQTM2JTNBMDIuNDY1MTE2Ji1waz03MTA0ODE1MzAw,TRUE,1,100,100
CrypToadz by GREMPLIN,https://opensea.io/collection/cryptoadz-by-gremplin,0x1CB1A5e65610AEFF2551A50f76a87a7d3fB649C6,0x1CB1A5e65610AEFF2551A50f76a87a7d3fB649C6,cj0xJi1ldmVudF90aW1lc3RhbXA9MjAyMi0wNy0wOSswNCUzQTExJTNBMzMuMzQ4NzM4Ji1waz03MTA0OTU0NDgx,TRUE,1,100,100
World of Women,https://opensea.io/collection/world-of-women-nft,0xe785E82358879F061BC3dcAC6f0444462D4b5330,0xe785E82358879F061BC3dcAC6f0444462D4b5330,cj0xJi1ldmVudF90aW1lc3RhbXA9MjAyMi0wNy0wOSswMCUzQTUwJTNBMzQuOTQ0NDQyJi1waz03MTA0MTczNTQw,TRUE,1,100,100
HAPE PRIME,https://opensea.io/collection/hapeprime,0x4Db1f25D3d98600140dfc18dEb7515Be5Bd293Af,0x4Db1f25D3d98600140dfc18dEb7515Be5Bd293Af,cj0xJi1ldmVudF90aW1lc3RhbXA9MjAyMi0wNy0wOSswNCUzQTE4JTNBMjguMDYzODc1Ji1waz03MTA0OTgwODAz,TRUE,1,100,100
MekaVerse,https://opensea.io/collection/mekaverse,0x9A534628B4062E123cE7Ee2222ec20B86e16Ca8F,0x9A534628B4062E123cE7Ee2222ec20B86e16Ca8F,cj0xJi1ldmVudF90aW1lc3RhbXA9MjAyMi0wNy0xNSsxMSUzQTM1JTNBNDAuNTc1MDgzJi1waz03MTQzNTY0NTA0,TRUE,1,100,100
Karafuru,https://opensea.io/collection/karafuru,0xd2F668a8461D6761115dAF8Aeb3cDf5F40C532C6,0xd2F668a8461D6761115dAF8Aeb3cDf5F40C532C6,cj0xJi1ldmVudF90aW1lc3RhbXA9MjAyMi0wNy0xNSsxMyUzQTUzJTNBMjQuODY0NzkzJi1waz03MTQ0MDk0MDkx,TRUE,1,100,100
Invisible Friends,https://opensea.io/collection/invisiblefriends,0x59468516a8259058baD1cA5F8f4BFF190d30E066,0x59468516a8259058baD1cA5F8f4BFF190d30E066,cj0xJi1ldmVudF90aW1lc3RhbXA9MjAyMi0wNy0xMysyMSUzQTQ5JTNBMTcuMjcwMjM0Ji1waz03MTM1MDA2NzYz,TRUE,1,100,100
mfers,https://opensea.io/collection/mfers,0x79FCDEF22feeD20eDDacbB2587640e45491b757f,0x79FCDEF22feeD20eDDacbB2587640e45491b757f,cj0xJi1ldmVudF90aW1lc3RhbXA9MjAyMi0wNy0xMysyMSUzQTM3JTNBMDMuNDkxNjc2Ji1waz03MTM0OTYwNDUx,TRUE,1,100,100
PhantaBear,https://opensea.io/collection/phantabear,0x67D9417C9C3c250f61A83C7e8658daC487B56B09,0x67D9417C9C3c250f61A83C7e8658daC487B56B09,cj0xJi1ldmVudF90aW1lc3RhbXA9MjAyMi0wNy0xNSsxMSUzQTA4JTNBMjAuNDEzNTk3Ji1waz03MTQzNDcwMzk3,TRUE,1,100,100
CyberKongz VX,https://opensea.io/collection/cyberkongz-vx,0x7EA3Cca10668B8346aeC0bf1844A49e995527c8B,0x7EA3Cca10668B8346aeC0bf1844A49e995527c8B,cj0xJi1ldmVudF90aW1lc3RhbXA9MjAyMi0wNy0xNSsxMSUzQTUzJTNBMTEuMzQ2ODQ3Ji1waz03MTQzNjI4OTAy,TRUE,1,100,100
Cool Pets NFT,https://opensea.io/collection/coolpetsnft,0x86C10D10ECa1Fca9DAF87a279ABCcabe0063F247,0x86C10D10ECa1Fca9DAF87a279ABCcabe0063F247,cj0xJi1ldmVudF90aW1lc3RhbXA9MjAyMi0wNy0xNiswMCUzQTE2JTNBNDQuODA3NzIyJi1waz03MTQ2NDkyNjEz,TRUE,1,100,100
Lazy Lions,https://opensea.io/collection/lazy-lions,0x8943C7bAC1914C9A7ABa750Bf2B6B09Fd21037E0,0x8943C7bAC1914C9A7ABa750Bf2B6B09Fd21037E0,cj0xJi1ldmVudF90aW1lc3RhbXA9MjAyMi0wNy0xNiswNSUzQTI2JTNBMzcuNzM5MzI4Ji1waz03MTQ3NjExMTc2,TRUE,1,100,100
Kaiju Kingz,https://opensea.io/collection/kaiju-kingz,0x0c2E57EFddbA8c768147D1fdF9176a0A6EBd5d83,0x0c2E57EFddbA8c768147D1fdF9176a0A6EBd5d83,cj0xJi1ldmVudF90aW1lc3RhbXA9MjAyMi0wNy0xNiswMyUzQTIzJTNBMjUmLXBrPTcxNDcxNzQ5MzY=,TRUE,1,100,100
goblintown.wtf,https://opensea.io/collection/goblintownwtf,0xbCe3781ae7Ca1a5e050Bd9C4c77369867eBc307e,0xbCe3781ae7Ca1a5e050Bd9C4c77369867eBc307e,,TRUE,1,100,100
mcgoblinwtf,https://opensea.io/collection/mcgoblinwtf,0xc5B52253f5225835cc81C52cdb3d6A22bc3B0c93,0xc5B52253f5225835cc81C52cdb3d6A22bc3B0c93,,TRUE,1,100,100
CryptoPunks,https://opensea.io/collection/cryptopunks,0xb47e3cd837dDF8e4c57F05d70Ab865de6e193BBB,0xb47e3cd837dDF8e4c57F05d70Ab865de6e193BBB,,TRUE,1,100,100
Otherdeed for Otherside,https://opensea.io/collection/otherdeed,0x34d85c9CDeB23FA97cb08333b511ac86E1C4E258,0x34d85c9CDeB23FA97cb08333b511ac86E1C4E258,,TRUE,1,100,100
Loot (for Adventurers),https://opensea.io/collection/lootproject,0xFF9C1b15B16263C61d017ee9F65C50e4AE0113D7,0xFF9C1b15B16263C61d017ee9F65C50e4AE0113D7,,TRUE,1,100,100
CryptoKitties,https://opensea.io/collection/cryptokitties,0x06012c8cf97BEaD5deAe237070F9587f8E7A266d,0x06012c8cf97BEaD5deAe237070F9587f8E7A266d,,TRUE,1,100,100
Parallel Alpha,https://opensea.io/collection/parallelalpha,0x76BE3b62873462d2142405439777e971754E8E77,0x76BE3b62873462d2142405439777e971754E8E77,,TRUE,1,100,100
BEANZ Official,https://opensea.io/collection/beanzofficial,0x306b1ea3ecdf94aB739F1910bbda052Ed4A9f949,0x306b1ea3ecdf94aB739F1910bbda052Ed4A9f949,,TRUE,1,100,100
Bored Ape Chemistry Club,https://opensea.io/collection/bored-ape-chemistry-club,0x22c36BfdCef207F9c0CC941936eff94D4246d14A,0x22c36BfdCef207F9c0CC941936eff94D4246d14A,,TRUE,1,100,100
Pudgy Penguins,https://opensea.io/collection/pudgypenguins,0xBd3531dA5CF5857e7CfAA92426877b022e612cf8,0xBd3531dA5CF5857e7CfAA92426877b022e612cf8,,TRUE,1,100,100
VeeFriends,https://opensea.io/collection/veefriends,0xa3AEe8BcE55BEeA1951EF834b99f3Ac60d1ABeeB,0xa3AEe8BcE55BEeA1951EF834b99f3Ac60d1ABeeB,,TRUE,1,100,100
RTFKT - MNLTH,https://opensea.io/collection/rtfkt-mnlth,0x86825dFCa7A6224cfBd2DA48e85DF2fc3Aa7C4B1,0x86825dFCa7A6224cfBd2DA48e85DF2fc3Aa7C4B1,,TRUE,1,100,100
Sorare,https://opensea.io/collection/sorare,0x629A673A8242c2AC4B7B8C5D8735fbeac21A6205,0x629A673A8242c2AC4B7B8C5D8735fbeac21A6205,,TRUE,1,100,100
NFT Worlds,https://opensea.io/collection/nft-worlds,0xBD4455dA5929D5639EE098ABFaa3241e9ae111Af,0xBD4455dA5929D5639EE098ABFaa3241e9ae111Af,,TRUE,1,100,100
0N1 Force,https://opensea.io/collection/0n1-force,0x3bf2922f4520a8BA0c2eFC3D2a1539678DaD5e9D,0x3bf2922f4520a8BA0c2eFC3D2a1539678DaD5e9D,,TRUE,1,100,100
Murakami.Flowers Seed,https://opensea.io/collection/murakami-flowers-seed,0x341A1c534248966c4b6AFaD165B98DAED4B964ef,0x341A1c534248966c4b6AFaD165B98DAED4B964ef,,TRUE,1,100,100
ZED RUN Legacy,https://opensea.io/collection/zed-run-legacy,0xA5F1Ea7DF861952863dF2e8d1312f7305dabf215,0xA5F1Ea7DF861952863dF2e8d1312f7305dabf215,,TRUE,1,100,100
ENS: Ethereum Name Service,https://opensea.io/collection/ens,0x57f1887a8BF19b14fC0dF6Fd9B2acc9Af147eA85,0x57f1887a8BF19b14fC0dF6Fd9B2acc9Af147eA85,,TRUE,1,100,100
adidas Originals Into the Metaverse,https://opensea.io/collection/adidasoriginals,0x28472a58A490c5e09A238847F66A68a47cC76f0f,0x28472a58A490c5e09A238847F66A68a47cC76f0f,,TRUE,1,100,100
PXN: Ghost Division,https://opensea.io/collection/pxnghostdivision,0x160C404B2b49CBC3240055CEaEE026df1e8497A0,0x160C404B2b49CBC3240055CEaEE026df1e8497A0,,TRUE,1,100,100
Hashmasks,https://opensea.io/collection/hashmasks,0xC2C747E0F7004F9E8817Db2ca4997657a7746928,0xC2C747E0F7004F9E8817Db2ca4997657a7746928,,TRUE,1,100,100
My Curio Cards,https://opensea.io/collection/curiocardswrapper,0x73DA73EF3a6982109c4d5BDb0dB9dd3E3783f313,0x73DA73EF3a6982109c4d5BDb0dB9dd3E3783f313,,TRUE,1,100,100
RTFKT - CloneX Mintvial,https://opensea.io/collection/clonex-mintvial,0x348FC118bcC65a92dC033A951aF153d14D945312,0x348FC118bcC65a92dC033A951aF153d14D945312,,TRUE,1,100,100
FLUF World,https://opensea.io/collection/fluf,0xCcc441ac31f02cD96C153DB6fd5Fe0a2F4e6A68d,0xCcc441ac31f02cD96C153DB6fd5Fe0a2F4e6A68d,,TRUE,1,100,100
Creature World,https://opensea.io/collection/creatureworld,0xc92cedDfb8dd984A89fb494c376f9A48b999aAFc,0xc92cedDfb8dd984A89fb494c376f9A48b999aAFc,,TRUE,1,100,100
3Landers,https://opensea.io/collection/3landers,0xb4d06d46A8285F4EC79Fd294F78a881799d8cEd9,0xb4d06d46A8285F4EC79Fd294F78a881799d8cEd9,,TRUE,1,100,100
CyberBrokers,https://opensea.io/collection/cyberbrokers,0x892848074ddeA461A15f337250Da3ce55580CA85,0x892848074ddeA461A15f337250Da3ce55580CA85,,TRUE,1,100,100
Prime Ape Planet PAP,https://opensea.io/collection/primeapeplanetpap,0x6632a9d63E142F17a668064D41A21193b49B41a0,0x6632a9d63E142F17a668064D41A21193b49B41a0,,TRUE,1,100,100
The Doge Pound,https://opensea.io/collection/the-doge-pound,0xF4ee95274741437636e748DdAc70818B4ED7d043,0xF4ee95274741437636e748DdAc70818B4ED7d043,,TRUE,1,100,100
DeadFellaz,https://opensea.io/collection/deadfellaz,0x2acAb3DEa77832C09420663b0E1cB386031bA17B,0x2acAb3DEa77832C09420663b0E1cB386031bA17B,,TRUE,1,100,100
World of Women Galaxy,https://opensea.io/collection/world-of-women-galaxy,0xf61F24c2d93bF2dE187546B14425BF631F28d6dC,0xf61F24c2d93bF2dE187546B14425BF631F28d6dC,,TRUE,1,100,100
Creepz Genesis,https://opensea.io/collection/genesis-creepz,0xfE8C6d19365453D26af321D0e8c910428c23873F,0xfE8C6d19365453D26af321D0e8c910428c23873F,,TRUE,1,100,100
alien frens,https://opensea.io/collection/alienfrensnft,0x123b30E25973FeCd8354dd5f41Cc45A3065eF88C,0x123b30E25973FeCd8354dd5f41Cc45A3065eF88C,,TRUE,1,100,100
VeeFriends Series 2,https://opensea.io/collection/veefriends-series-2,0x9378368ba6b85c1FbA5b131b530f5F5bEdf21A18,0x9378368ba6b85c1FbA5b131b530f5F5bEdf21A18,,TRUE,1,100,100
Axie Infinity,https://opensea.io/collection/axie,0xF5b0A3eFB8e8E4c201e2A935F110eAaF3FFEcb8d,0xF5b0A3eFB8e8E4c201e2A935F110eAaF3FFEcb8d,,TRUE,1,100,100
Zipcy's SuperNormal,https://opensea.io/collection/supernormalbyzipcy,0xd532b88607B1877Fe20c181CBa2550E3BbD6B31C,0xd532b88607B1877Fe20c181CBa2550E3BbD6B31C,,TRUE,1,100,100
CyberKongz,https://opensea.io/collection/cyberkongz,0x57a204AA1042f6E66DD7730813f4024114d74f37,0x57a204AA1042f6E66DD7730813f4024114d74f37,,TRUE,1,100,100
Coolman's Universe,https://opensea.io/collection/coolmans-universe,0xa5C0Bd78D1667c13BFB403E2a3336871396713c5,0xa5C0Bd78D1667c13BFB403E2a3336871396713c5,,TRUE,1,100,100
Voxels (formerly Cryptovoxels),https://opensea.io/collection/cryptovoxels,0x79986aF15539de2db9A5086382daEdA917A9CF0C,0x79986aF15539de2db9A5086382daEdA917A9CF0C,,TRUE,1,100,100
Metroverse Genesis,https://opensea.io/collection/metroverse-genesis,0x0e9d6552b85BE180d941f1cA73Ae3E318D2D4F1F,0x0e9d6552b85BE180d941f1cA73Ae3E318D2D4F1F,,TRUE,1,100,100
VOX Collectibles,https://opensea.io/collection/collectvoxtownstar,0xad9Fd7cB4fC7A0fBCE08d64068f60CbDE22Ed34C,0xad9Fd7cB4fC7A0fBCE08d64068f60CbDE22Ed34C,,TRUE,1,100,100
Psychedelics Anonymous Genesis,https://opensea.io/collection/psychedelics-anonymous-genesis,0x75E95ba5997Eb235F40eCF8347cDb11F18ff640B,0x75E95ba5997Eb235F40eCF8347cDb11F18ff640B,,TRUE,1,100,100
Worldwide Webb Land,https://opensea.io/collection/worldwidewebbland,0xA1D4657e0E6507D5a94d06DA93E94dC7C8c44b51,0xA1D4657e0E6507D5a94d06DA93E94dC7C8c44b51,,TRUE,1,100,100
Capsule House,https://opensea.io/collection/capsulehouse,0xfcB1315C4273954F74Cb16D5b663DBF479EEC62e,0xfcB1315C4273954F74Cb16D5b663DBF479EEC62e,,TRUE,1,100,100
Town Star,https://opensea.io/collection/town-star,0xc36cF0cFcb5d905B8B513860dB0CFE63F6Cf9F5c,0xc36cF0cFcb5d905B8B513860dB0CFE63F6Cf9F5c,,TRUE,1,100,100
SupDucks,https://opensea.io/collection/supducks,0x3Fe1a4c1481c8351E91B64D5c398b159dE07cbc5,0x3Fe1a4c1481c8351E91B64D5c398b159dE07cbc5,,TRUE,1,100,100
Gutter Cat Gang,https://opensea.io/collection/guttercatgang,0xEdB61f74B0d09B2558F1eeb79B247c1F363Ae452,0xEdB61f74B0d09B2558F1eeb79B247c1F363Ae452,,TRUE,1,100,100
Lives of Asuna,https://opensea.io/collection/livesofasuna,0xAf615B61448691fC3E4c61AE4F015d6e77b6CCa8,0xAf615B61448691fC3E4c61AE4F015d6e77b6CCa8,,TRUE,1,100,100
Sneaky Vampire Syndicate,https://opensea.io/collection/sneaky-vampire-syndicate,0x219B8aB790dECC32444a6600971c7C3718252539,0x219B8aB790dECC32444a6600971c7C3718252539,,TRUE,1,100,100
Wolf Game,https://opensea.io/collection/wolf-game,0x7F36182DeE28c45dE6072a34D29855BaE76DBe2f,0x7F36182DeE28c45dE6072a34D29855BaE76DBe2f,,TRUE,1,100,100
Adam Bomb Squad,https://opensea.io/collection/adam-bomb-squad,0x7AB2352b1D2e185560494D5e577F9D3c238b78C5,0x7AB2352b1D2e185560494D5e577F9D3c238b78C5,,TRUE,1,100,100
CryptoSkulls,https://opensea.io/collection/cryptoskulls,0xc1Caf0C19A8AC28c41Fe59bA6c754e4b9bd54dE9,0xc1Caf0C19A8AC28c41Fe59bA6c754e4b9bd54dE9,,TRUE,1,100,100
Killer GF,https://opensea.io/collection/killergf,0x6bE69b2A9B153737887CfcdCa7781eD1511C7e36,0x6bE69b2A9B153737887CfcdCa7781eD1511C7e36,,TRUE,1,100,100
Damien Hirst - The Currency,https://opensea.io/collection/thecurrency,0xaaDc2D4261199ce24A4B0a57370c4FCf43BB60aa,0xaaDc2D4261199ce24A4B0a57370c4FCf43BB60aa,,TRUE,1,100,100
MURI by Haus,https://opensea.io/collection/murixhaus,0x4B61413D4392c806E6d0fF5Ee91E6073C21d6430,0x4B61413D4392c806E6d0fF5Ee91E6073C21d6430,,TRUE,1,100,100
888 inner circle,https://opensea.io/collection/888innercircle,0x36d30B3b85255473D27dd0F7fD8F35e36a9d6F06,0x36d30B3b85255473D27dd0F7fD8F35e36a9d6F06,,TRUE,1,100,100
NeoTokyo Outer Identities,https://opensea.io/collection/neotokyo-outer-identities,0x698FbAACA64944376e2CDC4CAD86eaa91362cF54,0x698FbAACA64944376e2CDC4CAD86eaa91362cF54,,TRUE,1,100,100
Autoglyphs,https://opensea.io/collection/autoglyphs,0xd4e4078ca3495DE5B1d4dB434BEbc5a986197782,0xd4e4078ca3495DE5B1d4dB434BEbc5a986197782,,TRUE,1,100,100
Impostors Genesis Aliens,https://opensea.io/collection/impostors-genesis-aliens,0x3110EF5f612208724CA51F5761A69081809F03B7,0x3110EF5f612208724CA51F5761A69081809F03B7,,TRUE,1,100,100
Ragnarok Meta,https://opensea.io/collection/ragnarok-meta,0x497a9A79e82e6fC0FF10a16f6F75e6fcd5aE65a8,0x497a9A79e82e6fC0FF10a16f6F75e6fcd5aE65a8,,TRUE,1,100,100
CryptoPunks V1 (wrapped),https://opensea.io/collection/official-v1-punks,0x282BDD42f4eb70e7A9D9F40c8fEA0825B7f68C5D,0x282BDD42f4eb70e7A9D9F40c8fEA0825B7f68C5D,,TRUE,1,100,100
JUNGLE FREAKS GENESIS,https://opensea.io/collection/jungle-freaks-genesis,0x7E6Bc952d4b4bD814853301bEe48E99891424de0,0x7E6Bc952d4b4bD814853301bEe48E99891424de0,,TRUE,1,100,100
oncyber labs,https://opensea.io/collection/oncyber,0x226Bf5293692610692E2C996C9875C914d2A7f73,0x226Bf5293692610692E2C996C9875C914d2A7f73,,TRUE,1,100,100
MoonCats,https://opensea.io/collection/acclimatedmooncats,0xc3f733ca98E0daD0386979Eb96fb1722A1A05E69,0xc3f733ca98E0daD0386979Eb96fb1722A1A05E69,,TRUE,1,100,100
Bears Deluxe,https://opensea.io/collection/bears-deluxe,0x4BB33f6E69fd62cf3abbcC6F1F43b94A5D572C2B,0x4BB33f6E69fd62cf3abbcC6F1F43b94A5D572C2B,,TRUE,1,100,100
Arcade Land,https://opensea.io/collection/arcade-land,0x4a8C9D751EEAbc5521A68FB080DD7E72E46462aF,0x4a8C9D751EEAbc5521A68FB080DD7E72E46462aF,,TRUE,1,100,100
PROOF Collective,https://opensea.io/collection/proof-collective,0x08D7C0242953446436F34b4C78Fe9da38c73668d,0x08D7C0242953446436F34b4C78Fe9da38c73668d,,TRUE,1,100,100
GalacticApes,https://opensea.io/collection/galacticapes,0x12d2D1beD91c24f878F37E66bd829Ce7197e4d14,0x12d2D1beD91c24f878F37E66bd829Ce7197e4d14,,TRUE,1,100,100
Rumble Kong League,https://opensea.io/collection/rumble-kong-league,0xEf0182dc0574cd5874494a120750FD222FdB909a,0xEf0182dc0574cd5874494a120750FD222FdB909a,,TRUE,1,100,100
Lil' Heroes by Edgar Plans,https://opensea.io/collection/lil-heroes-by-edgar-plans,0xD78b76Fcc33cd416dA9d3D42f72649a23D7AC647,0xD78b76Fcc33cd416dA9d3D42f72649a23D7AC647,,TRUE,1,100,100
Murakami.Flowers Official,https://opensea.io/collection/murakami-flowers-2022-official,0x7D8820FA92EB1584636f4F5b8515B5476B75171a,0x7D8820FA92EB1584636f4F5b8515B5476B75171a,,TRUE,1,100,100
tubby cats,https://opensea.io/collection/tubby-cats,0xCa7cA7BcC765F77339bE2d648BA53ce9c8a262bD,0xCa7cA7BcC765F77339bE2d648BA53ce9c8a262bD,,TRUE,1,100,100
CryptoBatz by Ozzy Osbourne,https://opensea.io/collection/cryptobatz-by-ozzy-osbourne,0xc8adFb4D437357D0A656D4e62fd9a6D22e401aa0,0xc8adFb4D437357D0A656D4e62fd9a6D22e401aa0,,TRUE,1,100,100
VOX Collectibles: Mirandus,https://opensea.io/collection/collectvoxmirandus,0xf76179bb0924BA7da8E7b7Fc2779495D7A7939d8,0xf76179bb0924BA7da8E7b7Fc2779495D7A7939d8,,TRUE,1,100,100
MutantCats,https://opensea.io/collection/mutantcats,0xaAdBA140Ae5e4c8a9eF0Cc86EA3124b446e3E46A,0xaAdBA140Ae5e4c8a9eF0Cc86EA3124b446e3E46A,,TRUE,1,100,100
MetaHero Universe: Generative Identities,https://opensea.io/collection/metahero-generative,0x6dc6001535e15b9def7b0f6A20a2111dFA9454E2,0x6dc6001535e15b9def7b0f6A20a2111dFA9454E2,,TRUE,1,100,100
DEGEN TOONZ COLLECTION,https://opensea.io/collection/degentoonz-collection,0x19b86299c21505cdf59cE63740B240A9C822b5E4,0x19b86299c21505cdf59cE63740B240A9C822b5E4,,TRUE,1,100,100
JRNY Club,https://opensea.io/collection/jrny-club-official,0x0b4B2bA334f476C8F41bFe52A428D6891755554d,0x0b4B2bA334f476C8F41bFe52A428D6891755554d,,TRUE,1,100,100
My Pet Hooligan,https://opensea.io/collection/mypethooligan,0x09233d553058c2F42ba751C87816a8E9FaE7Ef10,0x09233d553058c2F42ba751C87816a8E9FaE7Ef10,,TRUE,1,100,100
Robotos,https://opensea.io/collection/robotos-official,0x099689220846644F87D1137665CDED7BF3422747,0x099689220846644F87D1137665CDED7BF3422747,,TRUE,1,100,100
Boss Beauties,https://opensea.io/collection/bossbeauties,0xB5C747561a185A146f83cFff25BdfD2455b31fF4,0xB5C747561a185A146f83cFff25BdfD2455b31fF4,,TRUE,1,100,100
KIWAMI Genesis,https://opensea.io/collection/kiwami-genesis,0x701A038aF4Bd0fc9b69A829DdcB2f61185a49568,0x701A038aF4Bd0fc9b69A829DdcB2f61185a49568,,TRUE,1,100,100
FULL SEND METACARD NFT,https://opensea.io/collection/metacard-by-fullsend,0x7eCb204feD7e386386CAb46a1fcB823ec5067aD5,0x7eCb204feD7e386386CAb46a1fcB823ec5067aD5,,TRUE,1,100,100
Anonymice,https://opensea.io/collection/anonymice,0xbad6186E92002E312078b5a1dAfd5ddf63d3f731,0xbad6186E92002E312078b5a1dAfd5ddf63d3f731,,TRUE,1,100,100
Pixelmon - Generation 1,https://opensea.io/collection/pixelmongen1,0x32973908FaeE0Bf825A343000fE412ebE56F802A,0x32973908FaeE0Bf825A343000fE412ebE56F802A,,TRUE,1,100,100
HYPEBEARSCLUB.OFFICIAL,https://opensea.io/collection/hype-bears-club-official-,0x14e0a1F310E2B7E321c91f58847e98b8C802f6eF,0x14e0a1F310E2B7E321c91f58847e98b8C802f6eF,,TRUE,1,100,100
Treeverse Plots,https://opensea.io/collection/treeverse-plots,0x1B829B926a14634d36625e60165c0770C09D02b2,0x1B829B926a14634d36625e60165c0770C09D02b2,,TRUE,1,100,100
Galaxy-Eggs,https://opensea.io/collection/galaxyeggs9999,0xA08126f5E1ED91A635987071E6FF5EB2aEb67C48,0xA08126f5E1ED91A635987071E6FF5EB2aEb67C48,,TRUE,1,100,100
RaidParty Heroes,https://opensea.io/collection/raidparty,0x966731dFD9b9925DD105FF465687F5aA8f54Ee9f,0x966731dFD9b9925DD105FF465687F5aA8f54Ee9f,,TRUE,1,100,100
Neo Tokyo Identities,https://opensea.io/collection/neo-tokyo-identities,0x86357A19E5537A8Fba9A004E555713BC943a66C0,0x86357A19E5537A8Fba9A004E555713BC943a66C0,,TRUE,1,100,100
Forgotten Runes Wizards Cult,https://opensea.io/collection/forgottenruneswizardscult,0x521f9C7505005CFA19A8E5786a9c3c9c9F5e6f42,0x521f9C7505005CFA19A8E5786a9c3c9c9F5e6f42,,TRUE,1,100,100
Quirkies Originals,https://opensea.io/collection/quirkiesoriginals,0x3903d4fFaAa700b62578a66e7a67Ba4cb67787f9,0x3903d4fFaAa700b62578a66e7a67Ba4cb67787f9,,TRUE,1,100,100
CryptoMories,https://opensea.io/collection/cryptomories,0x1a2F71468F656E97c2F86541E57189F59951efe7,0x1a2F71468F656E97c2F86541E57189F59951efe7,,TRUE,1,100,100
RaidParty Fighters,https://opensea.io/collection/raidpartyfighters,0x87E738a3d5E5345d6212D8982205A564289e6324,0x87E738a3d5E5345d6212D8982205A564289e6324,,TRUE,1,100,100
hausphases by Haus,https://opensea.io/collection/hausphases,0x5be99338289909d6dbBC57bb791140Ef85cCbCAB,0x5be99338289909d6dbBC57bb791140Ef85cCbCAB,,TRUE,1,100,100
C-01 Official Collection,https://opensea.io/collection/c-01-official-collection,0x6FD053BfF10512d743Fa36C859e49351a4920df6,0x6FD053BfF10512d743Fa36C859e49351a4920df6,,TRUE,1,100,100
Wolf Game Legacy,https://opensea.io/collection/wolf-game-legacy,0xEB834ae72B30866af20a6ce5440Fa598BfAd3a42,0xEB834ae72B30866af20a6ce5440Fa598BfAd3a42,,TRUE,1,100,100
PREMINT Collector Pass - OFFICIAL,https://opensea.io/collection/premint-collector,0xe0176bA60efddb29Cac5b15338C9962dAee9de0c,0xe0176bA60efddb29Cac5b15338C9962dAee9de0c,,TRUE,1,100,100
Crypto Bull Society,https://opensea.io/collection/crypto-bull-society,0x469823c7B84264D1BAfBcD6010e9cdf1cac305a3,0x469823c7B84264D1BAfBcD6010e9cdf1cac305a3,,TRUE,1,100,100
Frontier Game,https://opensea.io/collection/frontiergame,0x236672Ed575E1e479b8E101AEeb920F32361f6F9,0x236672Ed575E1e479b8E101AEeb920F32361f6F9,,TRUE,1,100,100
ZombieClub Token,https://opensea.io/collection/zombieclub-token,0x9c80777CAe192E5031c38A0d951C55730eCC3f5e,0x9c80777CAe192E5031c38A0d951C55730eCC3f5e,,TRUE,1,100,100
Koala Intelligence Agency,https://opensea.io/collection/koala-intelligence-agency,0x3f5FB35468e9834A43dcA1C160c69EaAE78b6360,0x3f5FB35468e9834A43dcA1C160c69EaAE78b6360,,TRUE,1,100,100
Chain Runners,https://opensea.io/collection/chain-runners-nft,0x97597002980134beA46250Aa0510C9B90d87A587,0x97597002980134beA46250Aa0510C9B90d87A587,,TRUE,1,100,100
Crypto.Chicks,https://opensea.io/collection/the-crypto-chicks,0x1981CC36b59cffdd24B01CC5d698daa75e367e04,0x1981CC36b59cffdd24B01CC5d698daa75e367e04,,TRUE,1,100,100
OxyaOriginProject,https://opensea.io/collection/oxyaoriginproject,0xE106C63E655dF0E300b78336af587F300Cff9e76,0xE106C63E655dF0E300b78336af587F300Cff9e76,,TRUE,1,100,100
THE SHIBOSHIS,https://opensea.io/collection/theshiboshis,0x11450058d796B02EB53e65374be59cFf65d3FE7f,0x11450058d796B02EB53e65374be59cFf65d3FE7f,,TRUE,1,100,100
Akutars,https://opensea.io/collection/akutars,0xaaD35C2DadbE77f97301617D82e661776c891Fa9,0xaaD35C2DadbE77f97301617D82e661776c891Fa9,,TRUE,1,100,100
The Heart Project,https://opensea.io/collection/heartnfts,0xce50f3cA1F1Dbd6Fa042666bC0e369565dda457D,0xce50f3cA1F1Dbd6Fa042666bC0e369565dda457D,,TRUE,1,100,100
"""MOAR"" by Joan Cornella",https://opensea.io/collection/official-moar-by-joan-cornella,0xeB3a9A839dFeEaf71db1B4eD6a8ae0cCB171b227,0xeB3a9A839dFeEaf71db1B4eD6a8ae0cCB171b227,,TRUE,1,100,100
The Humanoids,https://opensea.io/collection/thehumanoids,0x3a5051566b2241285BE871f650C445A88A970edd,0x3a5051566b2241285BE871f650C445A88A970edd,,TRUE,1,100,100
The Sevens - Genesis,https://opensea.io/collection/the-sevens-genesis,0xf497253C2bB7644ebb99e4d9ECC104aE7a79187A,0xf497253C2bB7644ebb99e4d9ECC104aE7a79187A,,TRUE,1,100,100
Creepz Shapeshifterz,https://opensea.io/collection/creepz-shapeshifterz,0xF1083e064F92db0561fd540F982Cbf73A4e2F8f6,0xF1083e064F92db0561fd540F982Cbf73A4e2F8f6,,TRUE,1,100,100
OnChainMonkey,https://opensea.io/collection/onchainmonkey,0x960b7a6BCD451c9968473f7bbFd9Be826EFd549A,0x960b7a6BCD451c9968473f7bbFd9Be826EFd549A,,TRUE,1,100,100
inBetweeners by GianPiero,https://opensea.io/collection/inbetweeners,0x94638Cbf3c54c1f956a5F05cBC0F9aFb6822020d,0x94638Cbf3c54c1f956a5F05cBC0F9aFb6822020d,,TRUE,1,100,100
IO: Imaginary Ones,https://opensea.io/collection/io-imaginary-ones,0x716F29B8972D551294d9E02B3eb0fC1107FbF4aA,0x716F29B8972D551294d9E02B3eb0fC1107FbF4aA,,TRUE,1,100,100
MetaHero Universe: United Planets,https://opensea.io/collection/unitedplanets,0x7dEB7Bce4d360Ebe68278dee6054b882aa62D19c,0x7dEB7Bce4d360Ebe68278dee6054b882aa62D19c,,TRUE,1,100,100
PEACEFUL GROUPIES,https://opensea.io/collection/peaceful-groupies,0x4f89Cd0CAE1e54D98db6a80150a824a533502EEa,0x4f89Cd0CAE1e54D98db6a80150a824a533502EEa,,TRUE,1,100,100
FVCK_CRYSTAL//,https://opensea.io/collection/fvck-crystal,0x7AfEdA4c714e1C0A2a1248332c100924506aC8e6,0x7AfEdA4c714e1C0A2a1248332c100924506aC8e6,,TRUE,1,100,100
Desperate ApeWives,https://opensea.io/collection/desperate-ape-wives,0xF1268733C6FB05EF6bE9cF23d24436Dcd6E0B35E,0xF1268733C6FB05EF6bE9cF23d24436Dcd6E0B35E,,TRUE,1,100,100
We Are All Going to Die,https://opensea.io/collection/we-are-all-going-to-die,0x659A4BdaAaCc62d2bd9Cb18225D9C89b5B697A5A,0x659A4BdaAaCc62d2bd9Cb18225D9C89b5B697A5A,,TRUE,1,100,100
The CryptoDads,https://opensea.io/collection/thecryptodads,0xECDD2F733bD20E56865750eBcE33f17Da0bEE461,0xECDD2F733bD20E56865750eBcE33f17Da0bEE461,,TRUE,1,100,100
Wizards & Dragons Game (WnD),https://opensea.io/collection/wizards-dragons-game-v2,0x999e88075692bCeE3dBC07e7E64cD32f39A1D3ab,0x999e88075692bCeE3dBC07e7E64cD32f39A1D3ab,,TRUE,1,100,100
Tasty Bones XYZ,https://opensea.io/collection/tastybonesxyz,0x1b79c7832ed9358E024F9e46E9c8b6f56633691B,0x1b79c7832ed9358E024F9e46E9c8b6f56633691B,,TRUE,1,100,100
Chimpers,https://opensea.io/collection/chimpersnft,0x80336Ad7A747236ef41F47ed2C7641828a480BAA,0x80336Ad7A747236ef41F47ed2C7641828a480BAA,,TRUE,1,100,100
Rug Radio - Genesis NFT,https://opensea.io/collection/ruggenesis-nft,0x8ff1523091c9517BC328223D50b52Ef450200339,0x8ff1523091c9517BC328223D50b52Ef450200339,,TRUE,1,100,100
Ape Kids Club (AKC),https://opensea.io/collection/akc,0x9Bf252f97891b907F002F2887EfF9246e3054080,0x9Bf252f97891b907F002F2887EfF9246e3054080,,TRUE,1,100,100
the littles NFT,https://opensea.io/collection/thelittlesnft,0xc6ec80029CD2aa4B0021cEb11248C07b25D2DE34,0xc6ec80029CD2aa4B0021cEb11248C07b25D2DE34,,TRUE,1,100,100
DourDarcels,https://opensea.io/collection/dourdarcels,0x8d609Bd201bEaea7DccbfbD9c22851e23Da68691,0x8d609Bd201bEaea7DccbfbD9c22851e23Da68691,,TRUE,1,100,100
Animetas,https://opensea.io/collection/animetas,0x18Df6C571F6fE9283B87f910E41dc5c8b77b7da5,0x18Df6C571F6fE9283B87f910E41dc5c8b77b7da5,,TRUE,1,100,100
Boki,https://opensea.io/collection/bokinftofficial,0x248139aFB8d3A2e16154FbE4Fb528A3a214fd8E7,0x248139aFB8d3A2e16154FbE4Fb528A3a214fd8E7,,TRUE,1,100,100
Smilesss,https://opensea.io/collection/smilesss,0x177EF8787CEb5D4596b6f011df08C86eb84380dC,0x177EF8787CEb5D4596b6f011df08C86eb84380dC,,TRUE,1,100,100
